"filename", "language", "JSON", "ShaderLab", "HLSL", "C#", "HTML", "CSS", "comment", "blank", "total"
"c:\Users\johan\Documents\Unity Projects\Robo Rally Remake\Assets\Editor\ReadOnlyAttribute.cs", "C#", 0, 0, 0, 12, 0, 0, 0, 2, 14
"c:\Users\johan\Documents\Unity Projects\Robo Rally Remake\Assets\LeanTween\Documentation\assets\css\main.css", "CSS", 0, 0, 0, 0, 0, 610, 79, 148, 837
"c:\Users\johan\Documents\Unity Projects\Robo Rally Remake\Assets\LeanTween\Documentation\assets\index.html", "HTML", 0, 0, 0, 0, 10, 0, 0, 1, 11
"c:\Users\johan\Documents\Unity Projects\Robo Rally Remake\Assets\LeanTween\Documentation\classes\LTBezierPath.html", "HTML", 0, 0, 0, 0, 543, 0, 4, 247, 794
"c:\Users\johan\Documents\Unity Projects\Robo Rally Remake\Assets\LeanTween\Documentation\classes\LTDescr.html", "HTML", 0, 0, 0, 0, 1940, 0, 4, 999, 2943
"c:\Users\johan\Documents\Unity Projects\Robo Rally Remake\Assets\LeanTween\Documentation\classes\LTEvent.html", "HTML", 0, 0, 0, 0, 180, 0, 4, 56, 240
"c:\Users\johan\Documents\Unity Projects\Robo Rally Remake\Assets\LeanTween\Documentation\classes\LTRect.html", "HTML", 0, 0, 0, 0, 267, 0, 4, 91, 362
"c:\Users\johan\Documents\Unity Projects\Robo Rally Remake\Assets\LeanTween\Documentation\classes\LTSeq.html", "HTML", 0, 0, 0, 0, 379, 0, 4, 154, 537
"c:\Users\johan\Documents\Unity Projects\Robo Rally Remake\Assets\LeanTween\Documentation\classes\LTSpline.html", "HTML", 0, 0, 0, 0, 542, 0, 4, 253, 799
"c:\Users\johan\Documents\Unity Projects\Robo Rally Remake\Assets\LeanTween\Documentation\classes\LeanAudio.html", "HTML", 0, 0, 0, 0, 243, 0, 4, 88, 335
"c:\Users\johan\Documents\Unity Projects\Robo Rally Remake\Assets\LeanTween\Documentation\classes\LeanAudioOptions.html", "HTML", 0, 0, 0, 0, 275, 0, 4, 107, 386
"c:\Users\johan\Documents\Unity Projects\Robo Rally Remake\Assets\LeanTween\Documentation\classes\LeanSmooth.html", "HTML", 0, 0, 0, 0, 1357, 0, 4, 600, 1961
"c:\Users\johan\Documents\Unity Projects\Robo Rally Remake\Assets\LeanTween\Documentation\classes\LeanTween.html", "HTML", 0, 0, 0, 0, 5465, 0, 4, 2655, 8124
"c:\Users\johan\Documents\Unity Projects\Robo Rally Remake\Assets\LeanTween\Documentation\classes\LeanTweenType.html", "HTML", 0, 0, 0, 0, 637, 0, 4, 452, 1093
"c:\Users\johan\Documents\Unity Projects\Robo Rally Remake\Assets\LeanTween\Documentation\classes\index.html", "HTML", 0, 0, 0, 0, 10, 0, 0, 1, 11
"c:\Users\johan\Documents\Unity Projects\Robo Rally Remake\Assets\LeanTween\Documentation\elements\index.html", "HTML", 0, 0, 0, 0, 10, 0, 0, 1, 11
"c:\Users\johan\Documents\Unity Projects\Robo Rally Remake\Assets\LeanTween\Documentation\index.html", "HTML", 0, 0, 0, 0, 142, 0, 4, 22, 168
"c:\Users\johan\Documents\Unity Projects\Robo Rally Remake\Assets\LeanTween\Editor\LeanTweenDocumentationEditor.cs", "C#", 0, 0, 0, 48, 0, 0, 2, 9, 59
"c:\Users\johan\Documents\Unity Projects\Robo Rally Remake\Assets\LeanTween\Examples\Archived\2dUnlitWithFade.shader", "ShaderLab", 0, 26, 0, 0, 0, 0, 2, 3, 31
"c:\Users\johan\Documents\Unity Projects\Robo Rally Remake\Assets\LeanTween\Examples\Archived\OldGUIExamplesCS.cs", "C#", 0, 0, 0, 64, 0, 0, 2, 19, 85
"c:\Users\johan\Documents\Unity Projects\Robo Rally Remake\Assets\LeanTween\Examples\Archived\TestingPunch.cs", "C#", 0, 0, 0, 139, 0, 0, 7, 37, 183
"c:\Users\johan\Documents\Unity Projects\Robo Rally Remake\Assets\LeanTween\Examples\Archived\TestingRigidbodyCS.cs", "C#", 0, 0, 0, 13, 0, 0, 2, 7, 22
"c:\Users\johan\Documents\Unity Projects\Robo Rally Remake\Assets\LeanTween\Examples\Scripts\Following.cs", "C#", 0, 0, 0, 67, 0, 0, 6, 19, 92
"c:\Users\johan\Documents\Unity Projects\Robo Rally Remake\Assets\LeanTween\Examples\Scripts\GeneralAdvancedTechniques.cs", "C#", 0, 0, 0, 34, 0, 0, 10, 17, 61
"c:\Users\johan\Documents\Unity Projects\Robo Rally Remake\Assets\LeanTween\Examples\Scripts\GeneralBasic.cs", "C#", 0, 0, 0, 48, 0, 0, 16, 20, 84
"c:\Users\johan\Documents\Unity Projects\Robo Rally Remake\Assets\LeanTween\Examples\Scripts\GeneralBasics2d.cs", "C#", 0, 0, 0, 64, 0, 0, 16, 23, 103
"c:\Users\johan\Documents\Unity Projects\Robo Rally Remake\Assets\LeanTween\Examples\Scripts\GeneralCameraShake.cs", "C#", 0, 0, 0, 51, 0, 0, 13, 18, 82
"c:\Users\johan\Documents\Unity Projects\Robo Rally Remake\Assets\LeanTween\Examples\Scripts\GeneralEasingTypes.cs", "C#", 0, 0, 0, 60, 0, 0, 0, 13, 73
"c:\Users\johan\Documents\Unity Projects\Robo Rally Remake\Assets\LeanTween\Examples\Scripts\GeneralEventsListeners.cs", "C#", 0, 0, 0, 62, 0, 0, 5, 17, 84
"c:\Users\johan\Documents\Unity Projects\Robo Rally Remake\Assets\LeanTween\Examples\Scripts\GeneralSequencer.cs", "C#", 0, 0, 0, 30, 0, 0, 13, 19, 62
"c:\Users\johan\Documents\Unity Projects\Robo Rally Remake\Assets\LeanTween\Examples\Scripts\GeneralSimpleUI.cs", "C#", 0, 0, 0, 44, 0, 0, 2, 11, 57
"c:\Users\johan\Documents\Unity Projects\Robo Rally Remake\Assets\LeanTween\Examples\Scripts\GeneralUISpace.cs", "C#", 0, 0, 0, 50, 0, 0, 17, 23, 90
"c:\Users\johan\Documents\Unity Projects\Robo Rally Remake\Assets\LeanTween\Examples\Scripts\LogoCinematic.cs", "C#", 0, 0, 0, 24, 0, 0, 5, 16, 45
"c:\Users\johan\Documents\Unity Projects\Robo Rally Remake\Assets\LeanTween\Examples\Scripts\PathBezier.cs", "C#", 0, 0, 0, 32, 0, 0, 5, 11, 48
"c:\Users\johan\Documents\Unity Projects\Robo Rally Remake\Assets\LeanTween\Examples\Scripts\PathBezier2d.cs", "C#", 0, 0, 0, 20, 0, 0, 5, 8, 33
"c:\Users\johan\Documents\Unity Projects\Robo Rally Remake\Assets\LeanTween\Examples\Scripts\PathSpline.cs", "C#", 0, 0, 0, 28, 0, 0, 1, 10, 39
"c:\Users\johan\Documents\Unity Projects\Robo Rally Remake\Assets\LeanTween\Examples\Scripts\PathSpline2d.cs", "C#", 0, 0, 0, 26, 0, 0, 2, 9, 37
"c:\Users\johan\Documents\Unity Projects\Robo Rally Remake\Assets\LeanTween\Examples\Scripts\PathSplineEndless.cs", "C#", 0, 0, 0, 85, 0, 0, 13, 28, 126
"c:\Users\johan\Documents\Unity Projects\Robo Rally Remake\Assets\LeanTween\Examples\Scripts\PathSplinePerformance.cs", "C#", 0, 0, 0, 64, 0, 0, 8, 22, 94
"c:\Users\johan\Documents\Unity Projects\Robo Rally Remake\Assets\LeanTween\Examples\Scripts\PathSplineTrack.cs", "C#", 0, 0, 0, 44, 0, 0, 8, 17, 69
"c:\Users\johan\Documents\Unity Projects\Robo Rally Remake\Assets\LeanTween\Examples\Scripts\PathSplines.cs", "C#", 0, 0, 0, 31, 0, 0, 6, 10, 47
"c:\Users\johan\Documents\Unity Projects\Robo Rally Remake\Assets\LeanTween\Examples\Scripts\TestingUnitTests.cs", "C#", 0, 0, 0, 498, 0, 0, 46, 103, 647
"c:\Users\johan\Documents\Unity Projects\Robo Rally Remake\Assets\LeanTween\Examples\Scripts\TestingZLegacy.cs", "C#", 0, 0, 0, 176, 0, 0, 10, 48, 234
"c:\Users\johan\Documents\Unity Projects\Robo Rally Remake\Assets\LeanTween\Examples\Scripts\TestingZLegacyExt.cs", "C#", 0, 0, 0, 210, 0, 0, 10, 50, 270
"c:\Users\johan\Documents\Unity Projects\Robo Rally Remake\Assets\LeanTween\Framework\LTDescr.cs", "C#", 0, 0, 0, 1657, 0, 0, 370, 282, 2309
"c:\Users\johan\Documents\Unity Projects\Robo Rally Remake\Assets\LeanTween\Framework\LTDescrOptional.cs", "C#", 0, 0, 0, 61, 0, 0, 15, 14, 90
"c:\Users\johan\Documents\Unity Projects\Robo Rally Remake\Assets\LeanTween\Framework\LTSeq.cs", "C#", 0, 0, 0, 99, 0, 0, 79, 48, 226
"c:\Users\johan\Documents\Unity Projects\Robo Rally Remake\Assets\LeanTween\Framework\LeanAudio.cs", "C#", 0, 0, 0, 257, 0, 0, 81, 81, 419
"c:\Users\johan\Documents\Unity Projects\Robo Rally Remake\Assets\LeanTween\Framework\LeanSmooth.cs", "C#", 0, 0, 0, 136, 0, 0, 186, 43, 365
"c:\Users\johan\Documents\Unity Projects\Robo Rally Remake\Assets\LeanTween\Framework\LeanTest.cs", "C#", 0, 0, 0, 106, 0, 0, 1, 16, 123
"c:\Users\johan\Documents\Unity Projects\Robo Rally Remake\Assets\LeanTween\Framework\LeanTween.cs", "C#", 0, 0, 0, 2251, 0, 0, 1393, 447, 4091
"c:\Users\johan\Documents\Unity Projects\Robo Rally Remake\Assets\LeanTween\Framework\LeanTweenExt.cs", "C#", 0, 0, 0, 124, 0, 0, 57, 7, 188
"c:\Users\johan\Documents\Unity Projects\Robo Rally Remake\Assets\Scripts\Extensions\Extensions.cs", "C#", 0, 0, 0, 22, 0, 0, 0, 3, 25
"c:\Users\johan\Documents\Unity Projects\Robo Rally Remake\Assets\Scripts\Extensions\VectorHelper.cs", "C#", 0, 0, 0, 22, 0, 0, 0, 6, 28
"c:\Users\johan\Documents\Unity Projects\Robo Rally Remake\Assets\Scripts\MapObjects\Antenna.cs", "C#", 0, 0, 0, 11, 0, 0, 0, 3, 14
"c:\Users\johan\Documents\Unity Projects\Robo Rally Remake\Assets\Scripts\MapObjects\Conveyor.cs", "C#", 0, 0, 0, 47, 0, 0, 0, 13, 60
"c:\Users\johan\Documents\Unity Projects\Robo Rally Remake\Assets\Scripts\MapObjects\DynamicObject.cs", "C#", 0, 0, 0, 21, 0, 0, 0, 6, 27
"c:\Users\johan\Documents\Unity Projects\Robo Rally Remake\Assets\Scripts\MapObjects\MapObject.cs", "C#", 0, 0, 0, 15, 0, 0, 0, 6, 21
"c:\Users\johan\Documents\Unity Projects\Robo Rally Remake\Assets\Scripts\MapObjects\PlayerModel.cs", "C#", 0, 0, 0, 2, 0, 0, 0, 1, 3
"c:\Users\johan\Documents\Unity Projects\Robo Rally Remake\Assets\Scripts\MapObjects\StaticObject.cs", "C#", 0, 0, 0, 10, 0, 0, 0, 3, 13
"c:\Users\johan\Documents\Unity Projects\Robo Rally Remake\Assets\Scripts\Models\ClampedField.cs", "C#", 0, 0, 0, 23, 0, 0, 0, 6, 29
"c:\Users\johan\Documents\Unity Projects\Robo Rally Remake\Assets\Scripts\Models\IObservableField.cs", "C#", 0, 0, 0, 5, 0, 0, 0, 1, 6
"c:\Users\johan\Documents\Unity Projects\Robo Rally Remake\Assets\Scripts\Models\ObservableField.cs", "C#", 0, 0, 0, 18, 0, 0, 0, 4, 22
"c:\Users\johan\Documents\Unity Projects\Robo Rally Remake\Assets\Scripts\Models\Singleton.cs", "C#", 0, 0, 0, 32, 0, 0, 0, 5, 37
"c:\Users\johan\Documents\Unity Projects\Robo Rally Remake\Assets\Scripts\Player\CardCollection.cs", "C#", 0, 0, 0, 91, 0, 0, 0, 15, 106
"c:\Users\johan\Documents\Unity Projects\Robo Rally Remake\Assets\Scripts\Player\Player.cs", "C#", 0, 0, 0, 81, 0, 0, 0, 21, 102
"c:\Users\johan\Documents\Unity Projects\Robo Rally Remake\Assets\Scripts\Player\PlayerManager.cs", "C#", 0, 0, 0, 63, 0, 0, 0, 11, 74
"c:\Users\johan\Documents\Unity Projects\Robo Rally Remake\Assets\Scripts\Programming\EnergizeProgram.cs", "C#", 0, 0, 0, 14, 0, 0, 0, 4, 18
"c:\Users\johan\Documents\Unity Projects\Robo Rally Remake\Assets\Scripts\Programming\MoveProgram.cs", "C#", 0, 0, 0, 20, 0, 0, 0, 3, 23
"c:\Users\johan\Documents\Unity Projects\Robo Rally Remake\Assets\Scripts\Programming\ProgramCardData.cs", "C#", 0, 0, 0, 14, 0, 0, 0, 4, 18
"c:\Users\johan\Documents\Unity Projects\Robo Rally Remake\Assets\Scripts\Programming\RepeatProgram.cs", "C#", 0, 0, 0, 19, 0, 0, 0, 3, 22
"c:\Users\johan\Documents\Unity Projects\Robo Rally Remake\Assets\Scripts\Programming\RotateProgram.cs", "C#", 0, 0, 0, 9, 0, 0, 0, 3, 12
"c:\Users\johan\Documents\Unity Projects\Robo Rally Remake\Assets\Scripts\Sequencing\IScheduleItem.cs", "C#", 0, 0, 0, 4, 0, 0, 0, 1, 5
"c:\Users\johan\Documents\Unity Projects\Robo Rally Remake\Assets\Scripts\Sequencing\ScheduleGroup.cs", "C#", 0, 0, 0, 23, 0, 0, 0, 6, 29
"c:\Users\johan\Documents\Unity Projects\Robo Rally Remake\Assets\Scripts\Sequencing\ScheduleRoutine.cs", "C#", 0, 0, 0, 14, 0, 0, 0, 3, 17
"c:\Users\johan\Documents\Unity Projects\Robo Rally Remake\Assets\Scripts\Sequencing\Scheduler.cs", "C#", 0, 0, 0, 28, 0, 0, 0, 7, 35
"c:\Users\johan\Documents\Unity Projects\Robo Rally Remake\Assets\Scripts\Systems\ExecutePhase.cs", "C#", 0, 0, 0, 21, 0, 0, 0, 4, 25
"c:\Users\johan\Documents\Unity Projects\Robo Rally Remake\Assets\Scripts\Systems\InteractionSystem.cs", "C#", 0, 0, 0, 48, 0, 0, 0, 8, 56
"c:\Users\johan\Documents\Unity Projects\Robo Rally Remake\Assets\Scripts\Systems\MapSystem.cs", "C#", 0, 0, 0, 111, 0, 0, 0, 23, 134
"c:\Users\johan\Documents\Unity Projects\Robo Rally Remake\Assets\Scripts\Systems\NetworkSystem.cs", "C#", 0, 0, 0, 5, 0, 0, 0, 1, 6
"c:\Users\johan\Documents\Unity Projects\Robo Rally Remake\Assets\Scripts\Systems\Phase.cs", "C#", 0, 0, 0, 12, 0, 0, 0, 3, 15
"c:\Users\johan\Documents\Unity Projects\Robo Rally Remake\Assets\Scripts\Systems\PhaseSystem.cs", "C#", 0, 0, 0, 11, 0, 0, 0, 1, 12
"c:\Users\johan\Documents\Unity Projects\Robo Rally Remake\Assets\Scripts\Systems\ProgrammingPhase.cs", "C#", 0, 0, 0, 26, 0, 0, 0, 8, 34
"c:\Users\johan\Documents\Unity Projects\Robo Rally Remake\Assets\Scripts\Systems\Testing.cs", "C#", 0, 0, 0, 5, 0, 0, 0, 1, 6
"c:\Users\johan\Documents\Unity Projects\Robo Rally Remake\Assets\Scripts\UI\HandCard.cs", "C#", 0, 0, 0, 47, 0, 0, 0, 13, 60
"c:\Users\johan\Documents\Unity Projects\Robo Rally Remake\Assets\Scripts\UI\HandController.cs", "C#", 0, 0, 0, 41, 0, 0, 0, 9, 50
"c:\Users\johan\Documents\Unity Projects\Robo Rally Remake\Assets\Scripts\UI\ProgramCard.cs", "C#", 0, 0, 0, 15, 0, 0, 0, 3, 18
"c:\Users\johan\Documents\Unity Projects\Robo Rally Remake\Assets\Scripts\UI\Register.cs", "C#", 0, 0, 0, 27, 0, 0, 0, 7, 34
"c:\Users\johan\Documents\Unity Projects\Robo Rally Remake\Assets\TextMesh Pro\Shaders\TMP_Bitmap-Custom-Atlas.shader", "ShaderLab", 0, 109, 0, 0, 0, 0, 2, 33, 144
"c:\Users\johan\Documents\Unity Projects\Robo Rally Remake\Assets\TextMesh Pro\Shaders\TMP_Bitmap-Mobile.shader", "ShaderLab", 0, 112, 0, 0, 0, 0, 3, 31, 146
"c:\Users\johan\Documents\Unity Projects\Robo Rally Remake\Assets\TextMesh Pro\Shaders\TMP_Bitmap.shader", "ShaderLab", 0, 109, 0, 0, 0, 0, 2, 33, 144
"c:\Users\johan\Documents\Unity Projects\Robo Rally Remake\Assets\TextMesh Pro\Shaders\TMP_SDF Overlay.shader", "ShaderLab", 0, 243, 0, 0, 0, 0, 4, 71, 318
"c:\Users\johan\Documents\Unity Projects\Robo Rally Remake\Assets\TextMesh Pro\Shaders\TMP_SDF SSD.shader", "ShaderLab", 0, 241, 0, 0, 0, 0, 4, 66, 311
"c:\Users\johan\Documents\Unity Projects\Robo Rally Remake\Assets\TextMesh Pro\Shaders\TMP_SDF-Mobile Masking.shader", "ShaderLab", 0, 188, 0, 0, 0, 0, 10, 50, 248
"c:\Users\johan\Documents\Unity Projects\Robo Rally Remake\Assets\TextMesh Pro\Shaders\TMP_SDF-Mobile Overlay.shader", "ShaderLab", 0, 183, 0, 0, 0, 0, 8, 50, 241
"c:\Users\johan\Documents\Unity Projects\Robo Rally Remake\Assets\TextMesh Pro\Shaders\TMP_SDF-Mobile SSD.shader", "ShaderLab", 0, 82, 0, 0, 0, 0, 4, 21, 107
"c:\Users\johan\Documents\Unity Projects\Robo Rally Remake\Assets\TextMesh Pro\Shaders\TMP_SDF-Mobile.shader", "ShaderLab", 0, 183, 0, 0, 0, 0, 8, 50, 241
"c:\Users\johan\Documents\Unity Projects\Robo Rally Remake\Assets\TextMesh Pro\Shaders\TMP_SDF-Surface-Mobile.shader", "ShaderLab", 0, 103, 0, 0, 0, 0, 8, 28, 139
"c:\Users\johan\Documents\Unity Projects\Robo Rally Remake\Assets\TextMesh Pro\Shaders\TMP_SDF-Surface.shader", "ShaderLab", 0, 122, 0, 0, 0, 0, 4, 33, 159
"c:\Users\johan\Documents\Unity Projects\Robo Rally Remake\Assets\TextMesh Pro\Shaders\TMP_SDF.shader", "ShaderLab", 0, 243, 0, 0, 0, 0, 4, 71, 318
"c:\Users\johan\Documents\Unity Projects\Robo Rally Remake\Assets\TextMesh Pro\Shaders\TMP_Sprite.shader", "ShaderLab", 0, 97, 0, 0, 0, 0, 0, 20, 117
"c:\Users\johan\Documents\Unity Projects\Robo Rally Remake\Assets\TextMesh Pro\Shaders\TMPro.cginc", "HLSL", 0, 0, 63, 0, 0, 0, 2, 20, 85
"c:\Users\johan\Documents\Unity Projects\Robo Rally Remake\Assets\TextMesh Pro\Shaders\TMPro_Mobile.cginc", "HLSL", 0, 0, 122, 0, 0, 0, 2, 34, 158
"c:\Users\johan\Documents\Unity Projects\Robo Rally Remake\Assets\TextMesh Pro\Shaders\TMPro_Properties.cginc", "HLSL", 0, 0, 62, 0, 0, 0, 10, 14, 86
"c:\Users\johan\Documents\Unity Projects\Robo Rally Remake\Assets\TextMesh Pro\Shaders\TMPro_Surface.cginc", "HLSL", 0, 0, 76, 0, 0, 0, 7, 19, 102
"c:\Users\johan\Documents\Unity Projects\Robo Rally Remake\Assets\TextMesh Pro\Sprites\EmojiOne.json", "JSON", 155, 0, 0, 0, 0, 0, 0, 2, 157
"c:\Users\johan\Documents\Unity Projects\Robo Rally Remake\Packages\manifest.json", "JSON", 47, 0, 0, 0, 0, 0, 0, 1, 48
"c:\Users\johan\Documents\Unity Projects\Robo Rally Remake\Packages\packages-lock.json", "JSON", 529, 0, 0, 0, 0, 0, 0, 1, 530
"Total", "-", 731, 2041, 323, 7692, 12000, 610, 2623, 8269, 34289